000000000009.jpg,000000000009.txt
000000000025.jpg,000000000025.txt
000000000030.jpg,000000000030.txt
000000000034.jpg,000000000034.txt
000000000036.jpg,000000000036.txt
000000000042.jpg,000000000042.txt
000000000049.jpg,000000000049.txt
000000000061.jpg,000000000061.txt
000000000064.jpg,000000000064.txt
000000000071.jpg,000000000071.txt
000000000072.jpg,000000000072.txt
000000000073.jpg,000000000073.txt
000000000074.jpg,000000000074.txt
000000000077.jpg,000000000077.txt
000000000078.jpg,000000000078.txt
000000000081.jpg,000000000081.txt
000000000086.jpg,000000000086.txt
000000000089.jpg,000000000089.txt
000000000092.jpg,000000000092.txt
000000000094.jpg,000000000094.txt
000000000109.jpg,000000000109.txt
000000000110.jpg,000000000110.txt
000000000113.jpg,000000000113.txt
000000000127.jpg,000000000127.txt
000000000133.jpg,000000000133.txt
000000000136.jpg,000000000136.txt
000000000138.jpg,000000000138.txt
000000000142.jpg,000000000142.txt
000000000143.jpg,000000000143.txt
000000000144.jpg,000000000144.txt
000000000149.jpg,000000000149.txt
000000000151.jpg,000000000151.txt
000000000154.jpg,000000000154.txt
000000000164.jpg,000000000164.txt
000000000165.jpg,000000000165.txt
000000000192.jpg,000000000192.txt
000000000194.jpg,000000000194.txt
000000000196.jpg,000000000196.txt
000000000201.jpg,000000000201.txt
000000000208.jpg,000000000208.txt
000000000241.jpg,000000000241.txt
000000000247.jpg,000000000247.txt
000000000257.jpg,000000000257.txt
000000000260.jpg,000000000260.txt
000000000263.jpg,000000000263.txt
000000000283.jpg,000000000283.txt
000000000294.jpg,000000000294.txt
000000000307.jpg,000000000307.txt
000000000308.jpg,000000000308.txt
000000000309.jpg,000000000309.txt
000000000312.jpg,000000000312.txt
000000000315.jpg,000000000315.txt
000000000321.jpg,000000000321.txt
000000000322.jpg,000000000322.txt
000000000326.jpg,000000000326.txt
000000000328.jpg,000000000328.txt
000000000332.jpg,000000000332.txt
000000000338.jpg,000000000338.txt
000000000349.jpg,000000000349.txt
000000000357.jpg,000000000357.txt
000000000359.jpg,000000000359.txt
000000000360.jpg,000000000360.txt
000000000368.jpg,000000000368.txt
000000000370.jpg,000000000370.txt
000000000382.jpg,000000000382.txt
000000000384.jpg,000000000384.txt
000000000387.jpg,000000000387.txt
000000000389.jpg,000000000389.txt
000000000394.jpg,000000000394.txt
000000000395.jpg,000000000395.txt
000000000397.jpg,000000000397.txt
000000000400.jpg,000000000400.txt
000000000404.jpg,000000000404.txt
000000000415.jpg,000000000415.txt
000000000419.jpg,000000000419.txt
000000000428.jpg,000000000428.txt
000000000431.jpg,000000000431.txt
000000000436.jpg,000000000436.txt
000000000438.jpg,000000000438.txt
000000000443.jpg,000000000443.txt
000000000446.jpg,000000000446.txt
000000000450.jpg,000000000450.txt
000000000459.jpg,000000000459.txt
000000000471.jpg,000000000471.txt
000000000472.jpg,000000000472.txt
000000000474.jpg,000000000474.txt
000000000486.jpg,000000000486.txt
000000000488.jpg,000000000488.txt
000000000490.jpg,000000000490.txt
000000000491.jpg,000000000491.txt
000000000502.jpg,000000000502.txt
000000000510.jpg,000000000510.txt
000000000514.jpg,000000000514.txt
000000000520.jpg,000000000520.txt
000000000529.jpg,000000000529.txt
000000000531.jpg,000000000531.txt
000000000532.jpg,000000000532.txt
000000000536.jpg,000000000536.txt
000000000540.jpg,000000000540.txt
000000000542.jpg,000000000542.txt
000000000544.jpg,000000000544.txt
000000000560.jpg,000000000560.txt
000000000564.jpg,000000000564.txt
000000000569.jpg,000000000569.txt
000000000572.jpg,000000000572.txt
000000000575.jpg,000000000575.txt
000000000581.jpg,000000000581.txt
000000000584.jpg,000000000584.txt
000000000589.jpg,000000000589.txt
000000000590.jpg,000000000590.txt
000000000595.jpg,000000000595.txt
000000000597.jpg,000000000597.txt
000000000599.jpg,000000000599.txt
000000000605.jpg,000000000605.txt
000000000612.jpg,000000000612.txt
000000000620.jpg,000000000620.txt
000000000623.jpg,000000000623.txt
000000000625.jpg,000000000625.txt
000000000626.jpg,000000000626.txt
000000000629.jpg,000000000629.txt
000000000634.jpg,000000000634.txt
000000000636.jpg,000000000636.txt
000000000641.jpg,000000000641.txt
000000000643.jpg,000000000643.txt
000000000650.jpg,000000000650.txt
